{"cameraMode":{"drawMode":0,"name":"Shaded","section":"Shading Mode"},"sceneLighting":true,"audioPlay":false,"sceneViewState":{"m_AlwaysRefresh":false,"showFog":true,"showSkybox":true,"showFlares":true,"showImageEffects":true,"showParticleSystems":true,"showVisualEffectGraphs":true,"m_FxEnabled":true},"in2DMode":false,"pivot":{"x":1.955733060836792,"y":1.8728022575378419,"z":17.47354507446289},"rotation":{"x":-0.15108920633792878,"y":-0.042396292090415958,"z":0.006486134137958288,"w":-0.9875952005386353},"size":23.933229446411134,"orthographic":false}